Author,Title,URN,Date,Genre,Prose,filename,Source
Apollonius Rhodius,Argonautica,0001-001,3 B.C.,Epic poetry,,Glaux
Theognis,Epigrammata,0002-004,6 B.C.,Lyric poetry,,Glaux
Thucydides,History of the Peloponnesian War,0003-001,5 B.C.,History,,Glaux
Thucydides,Epigramma,0003-002,5 B.C.,Lyric poetry,,Glaux
Theocritus,Εἰδύλλια,0005-001,4-3 B.C.,Lyric poetry,,Glaux
Theocritus,Ἐπιγράμματα,0005-002,4-3 B.C.,Lyric poetry,,Glaux
Theocritus,Epigrammata,0005-005,4-3 B.C.,Lyric poetry,,Glaux
Euripides,Hecuba,0006-007,5 B.C.,Tragedy,,Glaux
Euripides,The Suppliant Maidens,0006-008,5 B.C.,Tragedy,,Glaux
Euripides,Heracles,0006-009,5 B.C.,Tragedy,,Glaux
Euripides,Ion,0006-010,5 B.C.,Tragedy,,Glaux
Euripides,The Trojan Women,0006-011,5 B.C.,Tragedy,,Glaux
Euripides,Electra,0006-012,5 B.C.,Tragedy,,Glaux
Euripides,Iphigenia in Tauris,0006-013,5 B.C.,Tragedy,,Glaux
Euripides,Helen,0006-014,5 B.C.,Tragedy,,Glaux
Euripides,The Phoenician Women,0006-015,5 B.C.,Tragedy,,Glaux
Euripides,Orestes,0006-016,5 B.C.,Tragedy,,Glaux
Euripides,Bacchae,0006-017,5 B.C.,Tragedy,,Glaux
Euripides,Iphigenia in Aulis,0006-018,5 B.C.,Tragedy,,Glaux
Euripides,Rhesus,0006-019,5 B.C.,Tragedy,,Glaux
Euripides,Epigrammata,0006-031,5 B.C.,Lyric poetry,,Glaux
Plutarch,Theseus,0007-001,A.D. 1-2,Biography,,Glaux
Plutarch,Romulus,0007-002,A.D. 1-2,Biography,,Glaux
Plutarch,Comparison of Theseus and Romulus,0007-003,A.D. 1-2,Biography,,Glaux
Plutarch,Lycurgus,0007-004,A.D. 1-2,Biography,,Glaux
Plutarch,Numa,0007-005,A.D. 1-2,Biography,,Glaux
Plutarch,Comparison of Lycurgus and Numa,0007-006,A.D. 1-2,Biography,,Glaux
Plutarch,Solon,0007-007,A.D. 1-2,Biography,,Glaux
Plutarch,Publicola,0007-008,A.D. 1-2,Biography,,Glaux
Plutarch,Comparison of Solon and Publicola,0007-009,A.D. 1-2,Biography,,Glaux
Plutarch,Themistocles,0007-010,A.D. 1-2,Biography,,Glaux
Plutarch,Camillus,0007-011,A.D. 1-2,Biography,,Glaux
Plutarch,Pericles,0007-012,A.D. 1-2,Biography,,Glaux
Plutarch,Fabius Maximus,0007-013,A.D. 1-2,Biography,,Glaux
Plutarch,Comparison of Pericles and Fabius Maximus,0007-014,A.D. 1-2,Biography,,Glaux
Plutarch,Alcibiades,0007-015,A.D. 1-2,Biography,,Glaux
Plutarch,Caius Marcius Coriolanus,0007-016,A.D. 1-2,Biography,,Glaux
Plutarch,Comparison of Alcibiades and Coriolanus,0007-017,A.D. 1-2,Biography,,Glaux
Plutarch,Timoleon,0007-018,A.D. 1-2,Biography,,Glaux
Plutarch,Aemilius Paulus,0007-019,A.D. 1-2,Biography,,Glaux
Plutarch,Comparison of Timoleon and Aemilius,0007-020,A.D. 1-2,Biography,,Glaux
Plutarch,Pelopidas,0007-021,A.D. 1-2,Biography,,Glaux
Plutarch,Marcellus,0007-022,A.D. 1-2,Biography,,Glaux
Plutarch,Comparison of Pelopidas and Marcellus,0007-023,A.D. 1-2,Biography,,Glaux
Plutarch,Aristides,0007-024,A.D. 1-2,Biography,,Glaux
Plutarch,Marcus Cato,0007-025,A.D. 1-2,Biography,,Glaux
Plutarch,Comparison of Aristides and Marcus Cato,0007-026,A.D. 1-2,Biography,,Glaux
Plutarch,Philopoemen,0007-027,A.D. 1-2,Biography,,Glaux
Plutarch,Titus Flamininus,0007-028,A.D. 1-2,Biography,,Glaux
Plutarch,Comparison of Philopoemen and Titus,0007-029,A.D. 1-2,Biography,,Glaux
Plutarch,Pyrrhus,0007-030,A.D. 1-2,Biography,,Glaux
Plutarch,Caius Marius,0007-031,A.D. 1-2,Biography,,Glaux
Plutarch,Lysander,0007-032,A.D. 1-2,Biography,,Glaux
Plutarch,Sulla,0007-033,A.D. 1-2,Biography,,Glaux
Plutarch,Comparison of Lysander and Sulla,0007-034,A.D. 1-2,Biography,,Glaux
Plutarch,Cimon,0007-035,A.D. 1-2,Biography,,Glaux
Plutarch,Lucullus,0007-036,A.D. 1-2,Biography,,Glaux
Plutarch,Comparison of Lucullus and Cimon,0007-037,A.D. 1-2,Biography,,Glaux
Plutarch,Nicias,0007-038,A.D. 1-2,Biography,,Glaux
Plutarch,Crassus,0007-039,A.D. 1-2,Biography,,Glaux
Plutarch,Comparison of Nicias and Crassus,0007-040,A.D. 1-2,Biography,,Glaux
Plutarch,Eumenes,0007-041,A.D. 1-2,Biography,,Glaux
Plutarch,Sertorius,0007-042,A.D. 1-2,Biography,,Glaux
Plutarch,Comparison of Sertorius and Eumenes,0007-043,A.D. 1-2,Biography,,Glaux
Plutarch,Agesilaus,0007-044,A.D. 1-2,Biography,,Glaux
Plutarch,Pompey,0007-045,A.D. 1-2,Biography,,Glaux
Plutarch,Comparison of Agesilaus and Pompey,0007-046,A.D. 1-2,Biography,,Glaux
Plutarch,Alexander,0007-047,A.D. 1-2,Biography,,Glaux
Plutarch,Caesar,0007-048,A.D. 1-2,Biography,,Glaux
Plutarch,Phocion,0007-049,A.D. 1-2,Biography,,Glaux
Plutarch,Cato the Younger,0007-050,A.D. 1-2,Biography,,Glaux
Plutarch,Comparison of Agis and Cleomenes and the Gracchi,0007-053,A.D. 1-2,Biography,,Glaux
Plutarch,Demosthenes,0007-054,A.D. 1-2,Biography,,Glaux
Plutarch,Cicero,0007-055,A.D. 1-2,Biography,,Glaux
Plutarch,Comparison of Demosthenes and Cicero,0007-056,A.D. 1-2,Biography,,Glaux
Plutarch,Demetrius,0007-057,A.D. 1-2,Biography,,Glaux
Plutarch,Antony,0007-058,A.D. 1-2,Biography,,Glaux
Plutarch,Comparison of Demetrius and Antony,0007-059,A.D. 1-2,Biography,,Glaux
Plutarch,Dion,0007-060,A.D. 1-2,Biography,,Glaux
Plutarch,Brutus,0007-061,A.D. 1-2,Biography,,Glaux
Plutarch,Comparison of Dion and Brutus,0007-062,A.D. 1-2,Biography,,Glaux
Plutarch,Aratus,0007-063,A.D. 1-2,Biography,,Glaux
Plutarch,Artaxerxes,0007-064,A.D. 1-2,Biography,,Glaux
Plutarch,Galba,0007-065,A.D. 1-2,Biography,,Glaux
Plutarch,Otho,0007-066,A.D. 1-2,Biography,,Glaux
Plutarch,De capienda ex inimicis utilitate,0007-072,A.D. 1-2,Philosophy,,Glaux
Plutarch,De amicorum multitudine,0007-073,A.D. 1-2,Philosophy,,Glaux
Plutarch,De fortuna,0007-074,A.D. 1-2,Philosophy,,Glaux
Plutarch,De virtute et vitio,0007-075,A.D. 1-2,Philosophy,,Glaux
Plutarch,Regum et imperatorum apophthegmata,0007-081,A.D. 1-2,Philosophy,,Glaux
Plutarch,Lacaenarum Apophthegmata,0007-082,A.D. 1-2,Philosophy,,Glaux
Plutarch,Mulierum virtutes,0007-083,A.D. 1-2,History,,Glaux
Plutarch,Parallela minora,0007-085,A.D. 1-2,History,,Glaux
Plutarch,De gloria Atheniensium,0007-088,A.D. 1-2,Rhetoric,,Glaux
Athenaeus of Naucratis,Deipnosophistae,0008-001,A.D. 2-3,Polyhistory,,Glaux
Sappho,Epigrammata,0009-002,7-6 B.C.,Lyric poetry,,Glaux
Isocrates,Against Euthynus,0010-001,5-4 B.C.,Oratory,,Glaux
Isocrates,Against Callimachus,0010-002,5-4 B.C.,Oratory,,Glaux
Isocrates,Against Lochites,0010-003,5-4 B.C.,Oratory,,Glaux
Isocrates,Concerning the Team of Horses,0010-004,5-4 B.C.,Oratory,,Glaux
Isocrates,Trapeziticus,0010-005,5-4 B.C.,Oratory,,Glaux
Isocrates,Aegineticus,0010-006,5-4 B.C.,Oratory,,Glaux
Isocrates,To Demonicus,0010-007,5-4 B.C.,Oratory,,Glaux
Isocrates,Against the Sophists,0010-008,5-4 B.C.,Oratory,,Glaux
Isocrates,Helen,0010-009,5-4 B.C.,Oratory,,Glaux
Isocrates,Busiris,0010-010,5-4 B.C.,Oratory,,Glaux
Isocrates,Panegyricus,0010-011,5-4 B.C.,Oratory,,Glaux
Isocrates,Plataicus,0010-012,5-4 B.C.,Oratory,,Glaux
Isocrates,To Nicocles,0010-013,5-4 B.C.,Oratory,,Glaux
Isocrates,Nicocles or the Cyprians,0010-014,5-4 B.C.,Oratory,,Glaux
Isocrates,Evagoras,0010-015,5-4 B.C.,Oratory,,Glaux
Isocrates,Archidamus,0010-016,5-4 B.C.,Oratory,,Glaux
Isocrates,On the Peace,0010-017,5-4 B.C.,Oratory,,Glaux
Isocrates,Areopagiticus,0010-018,5-4 B.C.,Oratory,,Glaux
Isocrates,Antidosis,0010-019,5-4 B.C.,Oratory,,Glaux
Isocrates,To Philip,0010-020,5-4 B.C.,Oratory,,Glaux
Isocrates,Panathenaicus,0010-021,5-4 B.C.,Oratory,,Glaux
Isocrates,To Dionysius,0010-022,5-4 B.C.,Epistolography,,Glaux
Isocrates,To the Children of Jason,0010-023,5-4 B.C.,Epistolography,,Glaux
Isocrates,To Archidamus,0010-024,5-4 B.C.,Epistolography,,Glaux
Isocrates,To the Rulers of the Mytilenaeans,0010-025,5-4 B.C.,Epistolography,,Glaux
Isocrates,To Timotheus,0010-026,5-4 B.C.,Epistolography,,Glaux
Isocrates,"To Philip, I",0010-027,5-4 B.C.,Epistolography,,Glaux
Isocrates,To Alexander,0010-028,5-4 B.C.,Epistolography,,Glaux
Isocrates,To Antipater,0010-029,5-4 B.C.,Epistolography,,Glaux
Isocrates,"To Philip, II",0010-030,5-4 B.C.,Epistolography,,Glaux
Sophocles,Trachiniae,0011-001,5 B.C.,Tragedy,,Glaux
Sophocles,Antigone,0011-002,5 B.C.,Tragedy,,Glaux
Sophocles,Ajax,0011-003,5 B.C.,Tragedy,,Glaux
Sophocles,Oedipus Tyrannus,0011-004,5 B.C.,Tragedy,,Glaux
Sophocles,Electra,0011-005,5 B.C.,Tragedy,,Glaux
Sophocles,Philoctetes,0011-006,5 B.C.,Tragedy,,Glaux
Sophocles,Oedipus at Colonus,0011-007,5 B.C.,Tragedy,,Glaux
Sophocles,Ichneutae,0011-008,5 B.C.,Tragedy,,Glaux
Homer,Iliad,0012-001,8 B.C.,Epic poetry,,Glaux
Homer,Odyssey,0012-002,8 B.C.,Epic poetry,,Glaux
Homer,Epigrams,0012-003,8 B.C.,Lyric poetry,,Glaux
Homeric Hymns,Hymn 1 to Dionysus,0013-001,7 B.C.,Lyric poetry,,Glaux
Homeric Hymns,Hymn 2 to Demeter,0013-002,,Lyric poetry,,Glaux
Homeric Hymns,Hymn 3 to Delian and Pythian Apollo,0013-003,6 B.C.,Lyric poetry,,Glaux
Homeric Hymns,Hymn 4 to Hermes,0013-004,6 B.C.,Lyric poetry,,Glaux
Homeric Hymns,Hymn 5 to Aphrodite,0013-005,7 B.C.,Lyric poetry,,Glaux
Homeric Hymns,Hymn 6 to Aphrodite,0013-006,7-6 B.C.,Lyric poetry,,Glaux
Homeric Hymns,Hymn 7 to Dionysus,0013-007,7-6 B.C.,Lyric poetry,,Glaux
Homeric Hymns,Hymn 9 to Artemis,0013-009,7 B.C.,Lyric poetry,,Glaux
Homeric Hymns,Hymn 10 to Aphrodite,0013-010,7-6 B.C.,Lyric poetry,,Glaux
Homeric Hymns,Hymn 11 To Athena,0013-011,7-6 B.C.,Lyric poetry,,Glaux
Homeric Hymns,Hymn 12 to Hera,0013-012,7-6 B.C.,Lyric poetry,,Glaux
Homeric Hymns,Hymn 13 to Demeter,0013-013,7-6 B.C.,Lyric poetry,,Glaux
Homeric Hymns,Hymn 14 to the Mother of the Gods,0013-014,7-6 B.C.,Lyric poetry,,Glaux
Homeric Hymns,Hymn 15 To Heracles,0013-015,6 B.C.,Lyric poetry,,Glaux
Homeric Hymns,Hymn 16 To Asclepius,0013-016,7-6 B.C.,Lyric poetry,,Glaux
Homeric Hymns,Hymn 17 To the Dioscuri,0013-017,7-6 B.C.,Lyric poetry,,Glaux
Homeric Hymns,Hymn 18 to Hermes,0013-018,6 B.C.,Lyric poetry,,Glaux
Homeric Hymns,Hymn 19 to Pan,0013-019,5 B.C.,Lyric poetry,,Glaux
Homeric Hymns,Hymn 20 To Hephaestus,0013-020,5 B.C.,Lyric poetry,,Glaux
Homeric Hymns,Hymn 21 To Apollo,0013-021,7-6 B.C.,Lyric poetry,,Glaux
Homeric Hymns,Hymn 22 To Poseidon,0013-022,7-6 B.C.,Lyric poetry,,Glaux
Homeric Hymns,Hymn 23 to Zeus,0013-023,7-6 B.C.,Lyric poetry,,Glaux
Homeric Hymns,Hymn 24 To Hestia,0013-024,7-6 B.C.,Lyric poetry,,Glaux
Homeric Hymns,Hymn 25 To the Muses and Apollo,0013-025,7-6 B.C.,Lyric poetry,,Glaux
Homeric Hymns,Hymn 26 To Dionysus,0013-026,7-6 B.C.,Lyric poetry,,Glaux
Homeric Hymns,Hymn 27 to Artemis,0013-027,7-6 B.C.,Lyric poetry,,Glaux
Homeric Hymns,Hymn 28 to Athena,0013-028,7-6 B.C.,Lyric poetry,,Glaux
Homeric Hymns,Hymn 29 to Hestia,0013-029,7-6 B.C.,Lyric poetry,,Glaux
Homeric Hymns,Hymn 30 to Earth,0013-030,7-6 B.C.,Lyric poetry,,Glaux
Homeric Hymns,Hymn 31 to Helios,0013-031,5 B.C.,Lyric poetry,,Glaux
Homeric Hymns,Hymn 32 To Selene,0013-032,5 B.C.,Lyric poetry,,Glaux
Homeric Hymns,Hymn 33 To the Dioscuri,0013-033,5 B.C.,Lyric poetry,,Glaux
Demosthenes,Olynthiac 1,0014-001,4 B.C.,Oratory,,Glaux
Demosthenes,Second Olynthiac,0014-002,4 B.C.,Oratory,,Glaux
Demosthenes,Olynthiac 3,0014-003,4 B.C.,Oratory,,Glaux
Demosthenes,Philippic 1,0014-004,4 B.C.,Oratory,,Glaux
Demosthenes,On the Peace,0014-005,4 B.C.,Oratory,,Glaux
Demosthenes,Second Philippic,0014-006,4 B.C.,Oratory,,Glaux
Demosthenes,On Halonnesus,0014-007,4 B.C.,Oratory,,Glaux
Demosthenes,On the Chersonese,0014-008,4 B.C.,Oratory,,Glaux
Demosthenes,Third Philippic,0014-009,4 B.C.,Oratory,,Glaux
Demosthenes,Philippic 4,0014-010,4 B.C.,Oratory,,Glaux
Demosthenes,Answer to Philip’s Letter,0014-011,4 B.C.,Oratory,,Glaux
Demosthenes,Philip’s Letter,0014-012,4 B.C.,Epistolography,,Glaux
Demosthenes,On Organization,0014-013,4 B.C.,Oratory,,Glaux
Demosthenes,On the Navy-Boards,0014-014,4 B.C.,Oratory,,Glaux
Demosthenes,For the Liberty of the Rhodians,0014-015,4 B.C.,Oratory,,Glaux
Demosthenes,For the People of Megalopolis,0014-016,4 B.C.,Oratory,,Glaux
Demosthenes,On the Treaty with Alexander,0014-017,4 B.C.,Oratory,,Glaux
Demosthenes,On the Crown,0014-018,4 B.C.,Oratory,,Glaux
Demosthenes,On the False Embassy,0014-019,4 B.C.,Oratory,,Glaux
Demosthenes,Against Leptines,0014-020,4 B.C.,Oratory,,Glaux
Demosthenes,Against Meidias,0014-021,4 B.C.,Oratory,,Glaux
Demosthenes,Against Androtion,0014-022,4 B.C.,Oratory,,Glaux
Demosthenes,Against Aristocrates,0014-023,4 B.C.,Oratory,,Glaux
Demosthenes,Against Timocrates,0014-024,4 B.C.,Oratory,,Glaux
Demosthenes,Against Aristogeiton I,0014-025,4 B.C.,Oratory,,Glaux
Demosthenes,Against Aristogeiton II,0014-026,4 B.C.,Oratory,,Glaux
Demosthenes,Against Aphobus I,0014-027,4 B.C.,Oratory,,Glaux
Demosthenes,Against Aphobus II,0014-028,4 B.C.,Oratory,,Glaux
Demosthenes,Against Aphobus III,0014-029,4 B.C.,Oratory,,Glaux
Demosthenes,Against Onetor I,0014-030,4 B.C.,Oratory,,Glaux
Demosthenes,Against Onetor II,0014-031,4 B.C.,Oratory,,Glaux
Demosthenes,Against Zenothemis,0014-032,4 B.C.,Oratory,,Glaux
Demosthenes,Against Apaturius,0014-033,4 B.C.,Oratory,,Glaux
Demosthenes,Against Phormio,0014-034,4 B.C.,Oratory,,Glaux
Demosthenes,Against Lacritus,0014-035,4 B.C.,Oratory,,Glaux
Demosthenes,For Phormio,0014-036,4 B.C.,Oratory,,Glaux
Demosthenes,Against Pantaenetus,0014-037,4 B.C.,Oratory,,Glaux
Demosthenes,Against Nausimachus and Xenopeithes,0014-038,4 B.C.,Oratory,,Glaux
Demosthenes,Against Boeotus I,0014-039,4 B.C.,Oratory,,Glaux
Demosthenes,Against Boeotus II,0014-040,4 B.C.,Oratory,,Glaux
Demosthenes,Against Spudias,0014-041,4 B.C.,Oratory,,Glaux
Demosthenes,Against Phaenippus,0014-042,4 B.C.,Oratory,,Glaux
Demosthenes,Against Macartatus,0014-043,4 B.C.,Oratory,,Glaux
Demosthenes,Against Leochares,0014-044,4 B.C.,Oratory,,Glaux
Demosthenes,Against Stephanus I,0014-045,4 B.C.,Oratory,,Glaux
Demosthenes,Against Stephanus II,0014-046,4 B.C.,Oratory,,Glaux
Demosthenes,Against Evergus and Mnesibulus,0014-047,4 B.C.,Oratory,,Glaux
Demosthenes,Against Olympiodorus,0014-048,4 B.C.,Oratory,,Glaux
Demosthenes,Apollodorus Against Timotheus,0014-049,4 B.C.,Oratory,,Glaux
Demosthenes,Apollodorus Against Polycles,0014-050,4 B.C.,Oratory,,Glaux
Demosthenes,On the Trierarchic Crown,0014-051,4 B.C.,Oratory,,Glaux
Demosthenes,Apollodorus Against Callippus,0014-052,4 B.C.,Oratory,,Glaux
Demosthenes,Apollodorus Against Nicostratus,0014-053,4 B.C.,Oratory,,Glaux
Demosthenes,Against Conon,0014-054,4 B.C.,Oratory,,Glaux
Demosthenes,Against Callicles,0014-055,4 B.C.,Oratory,,Glaux
Demosthenes,Against Dionysodorus,0014-056,4 B.C.,Oratory,,Glaux
Demosthenes,Against Eubulides,0014-057,4 B.C.,Oratory,,Glaux
Demosthenes,Against Theocrines,0014-058,4 B.C.,Oratory,,Glaux
Demosthenes,Theomnestus and Apollodorus Against Neaera,0014-059,4 B.C.,Oratory,,Glaux
Demosthenes,The Funeral Speech,0014-060,4 B.C.,Oratory,,Glaux
Demosthenes,The Erotic Essay,0014-061,4 B.C.,Oratory,,Glaux
Herodian,Ab excessu divi Marci,0015-001,A.D. 2-3,History,,Glaux
Herodotus,Histories,0016-001,5 B.C.,History,,Glaux
Isaeus,On The Estate of Cleonymus,0017-001,5-4 B.C.,Oratory,,Glaux
Isaeus,On the Estate of Menecles,0017-002,5-4 B.C.,Oratory,,Glaux
Isaeus,On The Estate Of Pyrrhus,0017-003,5-4 B.C.,Oratory,,Glaux
Isaeus,On the Estate of Nicostratus,0017-004,5-4 B.C.,Oratory,,Glaux
Isaeus,On the Estate of Dicaeogenes,0017-005,5-4 B.C.,Oratory,,Glaux
Isaeus,On the Estate of Philoctemon,0017-006,5-4 B.C.,Oratory,,Glaux
Isaeus,On The Estate of Apollodorus,0017-007,5-4 B.C.,Oratory,,Glaux
Isaeus,On The Estate of Ciron,0017-008,5-4 B.C.,Oratory,,Glaux
Isaeus,On the Estate of Astyphilus,0017-009,5-4 B.C.,Oratory,,Glaux
Isaeus,On The Estate of Aristarchus,0017-010,5-4 B.C.,Oratory,,Glaux
Isaeus,On the Estate of Hagnias,0017-011,5-4 B.C.,Oratory,,Glaux
Isaeus,On Behalf of Euphiletus,0017-012,5-4 B.C.,Oratory,,Glaux
Aristophanes,Acharnians,0019-001,5-4 B.C.,Comedy,,Glaux
Aristophanes,Knights,0019-002,5-4 B.C.,Comedy,,Glaux
Aristophanes,Clouds,0019-003,5-4 B.C.,Comedy,,Glaux
Aristophanes,Wasps,0019-004,5-4 B.C.,Comedy,,Glaux
Aristophanes,Peace,0019-005,5-4 B.C.,Comedy,,Glaux
Aristophanes,Birds,0019-006,5-4 B.C.,Comedy,,Glaux
Aristophanes,Lysistrata,0019-007,5-4 B.C.,Comedy,,Glaux
Aristophanes,Thesmophoriazusae,0019-008,5-4 B.C.,Comedy,,Glaux
Aristophanes,Frogs,0019-009,5-4 B.C.,Comedy,,Glaux
Aristophanes,Ecclesiazusae,0019-010,5-4 B.C.,Comedy,,Glaux
Aristophanes,Wealth,0019-011,5-4 B.C.,Comedy,,Glaux
Hesiod,Theogony,0020-001,8-7 B.C.?,Epic poetry,,Glaux
Hesiod,Works and Days,0020-002,8-7 B.C.?,Epic poetry,,Glaux
Hesiod,Shield of Heracles,0020-003,8-7 B.C.?,Epic poetry,,Glaux
Nicander of Colophon,Epigrammata,0022-006,3-2 B.C.,Lyric poetry,,Glaux
Oppian,Halieutica,0023-001,A.D. 2,Scientific Poetry,,Glaux
Oppian of Apamea,Cynegetica,0024-001,A.D. 2-3,Scientific Poetry,,Glaux
Aeschines,Against Timarchus,0026-001,4 B.C.,Oratory,,Glaux
Aeschines,On the Embassy,0026-002,4 B.C.,Oratory,,Glaux
Aeschines,Against Ctesiphon,0026-003,4 B.C.,Oratory,,Glaux
Andocides,On the Mysteries,0027-001,5-4 B.C.,Oratory,,Glaux
Andocides,On His Return,0027-002,5-4 B.C.,Oratory,,Glaux
Andocides,On the Peace with Sparta,0027-003,5-4 B.C.,Oratory,,Glaux
Andocides,Against Alcibiades,0027-004,5-4 B.C.,Oratory,,Glaux
Antiphon,Against the Stepmother for Poisoning,0028-001,5 B.C.,Oratory,,Glaux
Antiphon,The First Tetralogy,0028-002,5 B.C.,Oratory,,Glaux
Antiphon,The Second Tetralogy,0028-003,5 B.C.,Oratory,,Glaux
Antiphon,The Third Tetralogy,0028-004,5 B.C.,Oratory,,Glaux
Antiphon,On the murder of Herodes,0028-005,5 B.C.,Oratory,,Glaux
Antiphon,On the Choreutes,0028-006,5 B.C.,Oratory,,Glaux
Dinarchus,Against Demosthenes,0029-004,4-3 B.C.,Oratory,,Glaux
Dinarchus,Against Aristogiton,0029-005,4-3 B.C.,Oratory,,Glaux
Dinarchus,Against Philocles,0029-006,4-3 B.C.,Oratory,,Glaux
Hyperides,In Defence of Lycophron,0030-001,4 B.C.,Oratory,,Glaux
Hyperides,Against Philippides,0030-002,4 B.C.,Oratory,,Glaux
Hyperides,Against Athenogenes,0030-003,4 B.C.,Oratory,,Glaux
Hyperides,In Defence of Euxenippus,0030-004,4 B.C.,Oratory,,Glaux
Hyperides,Against Demosthenes,0030-005,4 B.C.,Oratory,,Glaux
Hyperides,Funeral Oration,0030-006,4 B.C.,Oratory,,Glaux
Xenophon,Hellenica,0032-001,5-4 B.C.,History,,Glaux
Xenophon,Memorabilia,0032-002,5-4 B.C.,Biography,TRUE,Glaux
Xenophon,Economics,0032-003,5-4 B.C.,Philosophic Dialogue,,Glaux
Xenophon,Symposium,0032-004,5-4 B.C.,Philosophic Dialogue,,Glaux
Xenophon,Apology,0032-005,5-4 B.C.,Philosophy,,Glaux
Xenophon,Anabasis,0032-006,5-4 B.C.,History,TRUE,Glaux
Xenophon,Cyropaedia,0032-007,5-4 B.C.,Biography,,Glaux
Xenophon,Hiero,0032-008,5-4 B.C.,Philosophic Dialogue,,Glaux
Xenophon,Agesilaus,0032-009,5-4 B.C.,Biography,,Glaux
Xenophon,Constitution of the Lacedaimonians,0032-010,5-4 B.C.,Philosophy,,Glaux
Xenophon,Ways and Means,0032-011,5-4 B.C.,Philosophy,,Glaux
Xenophon,On the Cavalry Commander,0032-012,5-4 B.C.,Military,,Glaux
Xenophon,On the Art of Horsemanship,0032-013,5-4 B.C.,Biology,,Glaux
Xenophon,On Hunting,0032-014,5-4 B.C.,Biology,,Glaux
Pindar,Olympian,0033-001,6-5 B.C.,Lyric poetry,,Glaux
Pindar,Pythian,0033-002,6-5 B.C.,Lyric poetry,,Glaux
Pindar,Nemean,0033-003,6-5 B.C.,Lyric poetry,,Glaux
Pindar,Isthmean,0033-004,6-5 B.C.,Lyric poetry,,Glaux
Lycurgus,Against Leocrates,0034-001,4 B.C.,Oratory,,Glaux
Moschus,Eros Drapeta,0035-001,2 B.C.,Lyric poetry,,Glaux
Moschus,Europa,0035-002,2 B.C.,Lyric poetry,,Glaux
Moschus,Epitaphius Bios,0035-003,2 B.C.,Lyric poetry,,Glaux
Moschus,Megara,0035-004,2 B.C.,Lyric poetry,,Glaux
Moschus,Fragmenta,0035-005,2 B.C.,Lyric poetry,,Glaux
Moschus,Epigrammata,0035-006,2 B.C.,Lyric poetry,,Glaux
Bion of Phlossa,Epitaphius Adonis,0036-001,2 B.C.,Lyric poetry,,Glaux
Bion of Phlossa,Epithalamium Achillis et Deidameiae,0036-002,2 B.C.,Lyric poetry,,Glaux
Bion of Phlossa,Fragmenta,0036-003,2 B.C.,Lyric poetry,,Glaux
Galen,Adhortatio ad artes addiscendas,0057-001,A.D. 2,Medicine,,Glaux
Galen,De optima doctrina,0057-002,A.D. 2,Medicine,,Glaux
Galen,Quod optimus medicus sit quoque philosophus,0057-003,A.D. 2,Medicine,,Glaux
Galen,De sectis ad eos qui introducuntur,0057-004,A.D. 2,Medicine,,Glaux
Galen,De constitutione artis medicae ad Patrophilum,0057-006,A.D. 2,Medicine,,Glaux
Galen,Ars Medica,0057-007,A.D. 2,Medicine,,Glaux
Galen,De elementis ex Hippocrate,0057-008,A.D. 2,Medicine,,Glaux
Galen,De temperamentis,0057-009,A.D. 2,Medicine,,Glaux
Galen,De naturalibus facultatibus,0057-010,A.D. 2,Medicine,,Glaux
Galen,De anatomicis administrationibus,0057-011,A.D. 2,Medicine,,Glaux
Galen,De ossibus ad tirones,0057-012,A.D. 2,Medicine,,Glaux
Galen,De venarum arteriarumque dissectione,0057-013,A.D. 2,Medicine,,Glaux
Galen,De nervorum dissectione,0057-014,A.D. 2,Medicine,,Glaux
Galen,De instrumento odoratus,0057-015,A.D. 2,Medicine,,Glaux
Galen,De uteri dissectione,0057-016,A.D. 2,Medicine,,Glaux
Galen,De usu partium corporis humani I-XI,0057-017,A.D. 2,Medicine,,Glaux
Galen,De motu musculorum,0057-018,A.D. 2,Medicine,,Glaux
Galen,De Victu Attenuante,0057-019,A.D. 2,Medicine,,Glaux
Galen,De utilitate respirationis,0057-020,A.D. 2,Medicine,,Glaux
Galen,De semine,0057-021,A.D. 2,Medicine,,Glaux
Galen,De foetuum formatione,0057-022,A.D. 2,Medicine,,Glaux
Galen,An in arteriis sanguis contineatur,0057-023,A.D. 2,Medicine,,Glaux
Galen,De optima corporis nostri constitutione,0057-024,A.D. 2,Medicine,,Glaux
Galen,De bono habitu,0057-025,A.D. 2,Medicine,,Glaux
Galen,Quod animi mores corporis temperamenta sequantur,0057-027,A.D. 2,Medicine,,Glaux
Galen,De propriorum animi cuiuslibet affectuum dignotione et curatione,0057-028,A.D. 2,Medicine,,Glaux
Galen,De animi cuiuslibet peccatorum dignotione et curatione,0057-029,A.D. 2,Medicine,,Glaux
Galen,De atra bile,0057-030,A.D. 2,Medicine,,Glaux
Galen,De usu pulsuum,0057-031,A.D. 2,Medicine,,Glaux
Galen,De placitis Hippocratis et Platonis,0057-032,A.D. 2,Medicine,,Glaux
Galen,De parvae pilae exercitio,0057-034,A.D. 2,Medicine,,Glaux
Galen,De venereis,0057-035,A.D. 2,Medicine,,Glaux
Galen,De sanitate tuenda,0057-036,A.D. 2,Medicine,,Glaux
Galen,De rebus boni malique suci,0057-038,A.D. 2,Medicine,,Glaux
Galen,De ptisana,0057-039,A.D. 2,Medicine,,Glaux
Galen,De dignotione ex insomniis,0057-040,A.D. 2,Medicine,,Glaux
Galen,De morborum differentiis,0057-041,A.D. 2,Medicine,,Glaux
Galen,De causis morborum,0057-042,A.D. 2,Medicine,,Glaux
Galen,De symptomatum differentiis,0057-043,A.D. 2,Medicine,,Glaux
Galen,De symptomatum causis,0057-044,A.D. 2,Medicine,,Glaux
Galen,De differentiis febrium,0057-045,A.D. 2,Medicine,,Glaux
Galen,De morborum temporibus,0057-046,A.D. 2,Medicine,,Glaux
Galen,De totius morbi temporibus,0057-047,A.D. 2,Medicine,,Glaux
Galen,De typis,0057-048,A.D. 2,Medicine,,Glaux
Galen,Adversus eos qui de typis scripserunt vel de circuitibus,0057-049,A.D. 2,Medicine,,Glaux
Galen,De plenitudine,0057-050,A.D. 2,Medicine,,Glaux
Galen,"De tremore, palpitatione, convulsione et rigore",0057-051,A.D. 2,Medicine,,Glaux
Galen,De comate secundum Hippocratem,0057-052,A.D. 2,Medicine,,Glaux
Galen,De marcore,0057-053,A.D. 2,Medicine,,Glaux
Galen,De tumoribus praeter naturam,0057-054,A.D. 2,Medicine,,Glaux
Galen,De inaequali intemperie,0057-055,A.D. 2,Medicine,,Glaux
Galen,De difficultate respirationis,0057-056,A.D. 2,Medicine,,Glaux
Galen,De locis affectis,0057-057,A.D. 2,Medicine,,Glaux
Galen,De pulsibus ad tirones,0057-058,A.D. 2,Medicine,,Glaux
Galen,De differentiis pulsuum,0057-059,A.D. 2,Medicine,,Glaux
Galen,De dignoscendis pulsibus,0057-060,A.D. 2,Medicine,,Glaux
Galen,De causis pulsuum,0057-061,A.D. 2,Medicine,,Glaux
Galen,De praesagitione ex pulsibus,0057-062,A.D. 2,Medicine,,Glaux
Galen,Synopsis librorum suorum de pulsibus,0057-063,A.D. 2,Medicine,,Glaux
Galen,De crisibus,0057-064,A.D. 2,Medicine,,Glaux
Galen,De diebus decretoriis,0057-065,A.D. 2,Medicine,,Glaux
Galen,De methodo medendi,0057-066,A.D. 2,Medicine,,Glaux
Galen,Ad Glauconem de methodo medendi,0057-067,A.D. 2,Medicine,,Glaux
Galen,De venae sectione adversus Erasistratum,0057-068,A.D. 2,Medicine,,Glaux
Galen,De venae sectione adversus Erasistrateos Romae degentes,0057-069,A.D. 2,Medicine,,Glaux
Galen,De curandi ratione per venae sectionem,0057-070,A.D. 2,Medicine,,Glaux
Galen,"De hirudinibus, revulsione, cucurbitula, incisione et scarificatione",0057-071,A.D. 2,Medicine,,Glaux
Galen,De purgantium medicamentorum facultate,0057-072,A.D. 2,Medicine,,Glaux
Galen,Quos quibus catharticis medicamentis et quando purgare oporteat,0057-073,A.D. 2,Medicine,,Glaux
Galen,Pro puero epileptico consilium,0057-074,A.D. 2,Medicine,,Glaux
Galen,De simplicium medicamentorum temperamentis ac facultatibus I-VI,0057-075,A.D. 2,Medicine,,Glaux
Galen,De compositione medicamentorum secundum locos libri X,0057-076,A.D. 2,Medicine,,Glaux
Galen,De compositione medicamentorum per genera,0057-077,A.D. 2,Medicine,,Glaux
Galen,De antidotis,0057-078,A.D. 2,Medicine,,Glaux
Galen,De theriaca ad Pisonem,0057-079,A.D. 2,Medicine,,Glaux
Galen,Institutio logica,0057-081,A.D. 2,Philosophy,,Glaux
Galen,De sophismatis seu captionibus penes dictionem,0057-082,A.D. 2,Rhetoric,,Glaux
Galen,De praenotione ad Epigenem,0057-083,A.D. 2,Medicine,,Glaux
Galen,De substantia facultatum naturalium fragmentum,0057-084,A.D. 2,Medicine,,Glaux
Galen,In Hippocratis De natura hominis,0057-085,A.D. 2,Medicine,,Glaux
Galen,In Hippocratis vel Polybi Opus de Salubri Victus Ratione Privatorum Commentarius,0057-086,A.D. 2,Medicine,,Glaux
Galen,In Hippocratis De victu acutorum,0057-087,A.D. 2,Medicine,,Glaux
Galen,In Hippocratis Epidemiarum I,0057-089,A.D. 2,Medicine,,Glaux
Galen,In Hippocratis Aphorismos Commentarii VII,0057-092,A.D. 2,Medicine,,Glaux
Galen,Adversus Lycum,0057-093,A.D. 2,Medicine,,Glaux
Galen,Adversus ea quae Juliano in Hippocratis Aphorismos enuntiata sunt,0057-094,A.D. 2,Medicine,,Glaux
Galen,In Hippocratis De articulis,0057-095,A.D. 2,Medicine,,Glaux
Galen,De Humero iis Modis Prolapso quos Hippocrates non Vidit,0057-096,A.D. 2,Medicine,,Glaux
Galen,In Hippocratis Prognosticum,0057-099,A.D. 2,Medicine,,Glaux
Galen,In Hippocratis De fracturis,0057-100,A.D. 2,Medicine,,Glaux
Galen,In Hippocratis De officina medici,0057-101,A.D. 2,Medicine,,Glaux
Galen,De musculorum dissectione ad tirones,0057-102,A.D. 2,Medicine,,Glaux
Galen,De consuetudinibus,0057-103,A.D. 2,Medicine,,Glaux
Galen,De experientia medica,0057-107,A.D. 2,Medicine,,Glaux
Galen,Quod qualitates incorporeae sint,0057-111,A.D. 2,Medicine,,Glaux
Galen,De causis respirationis,0057-114,A.D. 2,Medicine,,Glaux
Aeneas Tacticus,Poliorcetica,0058-001,4 B.C.,Military,,Glaux
Plato,Euthyphro,0059-001,5-4 B.C.,Philosophic Dialogue,,Glaux
Plato,Apology,0059-002,5-4 B.C.,Philosophy,,Glaux
Plato,Crito,0059-003,5-4 B.C.,Philosophic Dialogue,,Glaux
Plato,Phaedo,0059-004,5-4 B.C.,Philosophic Dialogue,,Glaux
Plato,Cratylus,0059-005,5-4 B.C.,Philosophic Dialogue,,Glaux
Plato,Theaetetus,0059-006,5-4 B.C.,Philosophic Dialogue,,Glaux
Plato,Sophist,0059-007,5-4 B.C.,Philosophic Dialogue,,Glaux
Plato,Statesman,0059-008,5-4 B.C.,Philosophic Dialogue,,Glaux
Plato,Parmenides,0059-009,5-4 B.C.,Philosophic Dialogue,,Glaux
Plato,Philebus,0059-010,5-4 B.C.,Philosophic Dialogue,,Glaux
Plato,Symposium,0059-011,5-4 B.C.,Philosophic Dialogue,,Glaux
Plato,Phaedrus,0059-012,5-4 B.C.,Philosophic Dialogue,,Glaux
Plato,Alcibiades 1,0059-013,5-4 B.C.,Philosophic Dialogue,,Glaux
Plato,Alcibiades 2,0059-014,5-4 B.C.,Philosophic Dialogue,,Glaux
Plato,Hipparchus,0059-015,5-4 B.C.,Philosophic Dialogue,,Glaux
Plato,Lovers,0059-016,5-4 B.C.,Philosophic Dialogue,,Glaux
Plato,Theages,0059-017,5-4 B.C.,Philosophic Dialogue,,Glaux
Plato,Charmides,0059-018,5-4 B.C.,Philosophic Dialogue,,Glaux
Plato,Laches,0059-019,5-4 B.C.,Philosophic Dialogue,,Glaux
Plato,Lysis,0059-020,5-4 B.C.,Philosophic Dialogue,,Glaux
Plato,Euthydemus,0059-021,5-4 B.C.,Philosophic Dialogue,,Glaux
Plato,Protagoras,0059-022,5-4 B.C.,Philosophic Dialogue,,Glaux
Plato,Gorgias,0059-023,5-4 B.C.,Philosophic Dialogue,,Glaux
Plato,Meno,0059-024,5-4 B.C.,Philosophic Dialogue,,Glaux
Plato,Greater Hippias,0059-025,5-4 B.C.,Philosophic Dialogue,,Glaux
Plato,Hippias Minor,0059-026,5-4 B.C.,Philosophic Dialogue,,Glaux
Plato,Ion,0059-027,5-4 B.C.,Philosophic Dialogue,,Glaux
Plato,Menexenus,0059-028,5-4 B.C.,Philosophic Dialogue,,Glaux
Plato,Cleitophon,0059-029,5-4 B.C.,Philosophic Dialogue,,Glaux
Plato,Republic (Burnet),0059-030,5-4 B.C.,Philosophic Dialogue,,Glaux
Plato,Timaeus,0059-031,5-4 B.C.,Philosophic Dialogue,,Glaux
Plato,Critias,0059-032,5-4 B.C.,Philosophic Dialogue,,Glaux
Plato,Minos,0059-033,5-4 B.C.,Philosophic Dialogue,,Glaux
Plato,Laws,0059-034,5-4 B.C.,Philosophic Dialogue,,Glaux
Plato,Epinomis,0059-035,5-4 B.C.,Philosophic Dialogue,,Glaux
Plato,Letters,0059-036,5-4 B.C.,Epistolography,,Glaux
Plato,Definitiones,0059-037,4-3 B.C.,Philosophy,,Glaux
Plato,Epigrammata in (Anthologia Lyrica Graeca),0059-039,3 B.C.,Lyric poetry,,Glaux
Diodorus Siculus,Historical Library,0060-001,1 B.C.,History,,Glaux
Lucian of Samosata,Epigrammata,0061-010,A.D. 2,Lyric poetry,,Glaux
Lucian of Samosata,Phalaris,0062-001,A.D. 2,Oratory,,Glaux
Lucian of Samosata,Hippias,0062-002,A.D. 2,Oratory,,Glaux
Lucian of Samosata,Bacchus,0062-003,A.D. 2,Oratory,,Glaux
Lucian of Samosata,Hercules,0062-004,A.D. 2,Oratory,,Glaux
Lucian of Samosata,Electrum,0062-005,A.D. 2,Oratory,,Glaux
Lucian of Samosata,Muscae Encomium,0062-006,A.D. 2,Oratory,,Glaux
Lucian of Samosata,Nigrinus,0062-007,A.D. 2,Philosophic Dialogue,,Glaux
Lucian of Samosata,Demonax,0062-008,A.D. 2,Biography,,Glaux
Lucian of Samosata,De Domo,0062-009,A.D. 2,Oratory,,Glaux
Lucian of Samosata,Patriae encomium,0062-010,A.D. 2,Oratory,,Glaux
Lucian of Samosata,Macrobii,0062-011,A.D. 2,Paradoxography,,Glaux
Lucian of Samosata,Verae historiae,0062-012,A.D. 2,Narrative,,Glaux
Lucian of Samosata,Calumniae non temere credundum,0062-013,A.D. 2,Oratory,,Glaux
Lucian of Samosata,Judicium vocalium,0062-014,A.D. 2,Oratory,,Glaux
Lucian of Samosata,Symposium,0062-015,A.D. 2,Dialogue,,Glaux
Lucian of Samosata,Cataplus,0062-016,A.D. 2,Dialogue,,Glaux
Lucian of Samosata,Juppiter Confutatus,0062-017,A.D. 2,Dialogue,,Glaux
Lucian of Samosata,Juppiter Tragoedus,0062-018,A.D. 2,Dialogue,,Glaux
Lucian of Samosata,Gallus,0062-019,A.D. 2,Dialogue,,Glaux
Lucian of Samosata,Prometheus,0062-020,A.D. 2,Dialogue,,Glaux
Lucian of Samosata,Icaromenippus,0062-021,A.D. 2,Dialogue,,Glaux
Lucian of Samosata,Timon,0062-022,A.D. 2,Dialogue,,Glaux
Lucian of Samosata,Contemplantes,0062-023,A.D. 2,Dialogue,,Glaux
Lucian of Samosata,Vitarum auctio,0062-024,A.D. 2,Dialogue,,Glaux
Lucian of Samosata,Piscator,0062-025,A.D. 2,Dialogue,,Glaux
Lucian of Samosata,Bis accusatus sive tribunalia,0062-026,A.D. 2,Dialogue,,Glaux
Lucian of Samosata,De Sacrificiis,0062-027,A.D. 2,Oratory,,Glaux
Lucian of Samosata,Adversus indoctum et libros multos ementem,0062-028,A.D. 2,Oratory,,Glaux
Lucian of Samosata,Somnium sive vita Luciani,0062-029,A.D. 2,Oratory,,Glaux
Lucian of Samosata,De parasito sive artem esse parasiticam,0062-030,A.D. 2,Dialogue,,Glaux
Lucian of Samosata,Philopseudes sive incredulus,0062-031,A.D. 2,Dialogue,,Glaux
Lucian of Samosata,Dearum judicium,0062-032,A.D. 2,Dialogue,,Glaux
Lucian of Samosata,De mercede,0062-033,A.D. 2,Oratory,,Glaux
Lucian of Samosata,Anacharsis,0062-034,A.D. 2,Dialogue,,Glaux
Lucian of Samosata,Necyomantia,0062-035,A.D. 2,Dialogue,,Glaux
Lucian of Samosata,De luctu,0062-036,A.D. 2,Oratory,,Glaux
Lucian of Samosata,Rhetorum praeceptor,0062-037,A.D. 2,Dialogue,,Glaux
Lucian of Samosata,Alexander,0062-038,A.D. 2,Oratory,,Glaux
Lucian of Samosata,Imagines,0062-039,A.D. 2,Dialogue,,Glaux
Lucian of Samosata,Pro imaginibus,0062-040,A.D. 2,Dialogue,,Glaux
Lucian of Samosata,De Syria dea,0062-041,A.D. 2,History,,Glaux
Lucian of Samosata,De Morte Peregrini,0062-042,A.D. 2,Oratory,,Glaux
Lucian of Samosata,Fugitivi,0062-043,A.D. 2,Dialogue,,Glaux
Lucian of Samosata,Toxaris vel amicitia,0062-044,A.D. 2,Dialogue,,Glaux
Lucian of Samosata,De saltatione,0062-045,A.D. 2,Dialogue,,Glaux
Lucian of Samosata,Lexiphanes,0062-046,A.D. 2,Dialogue,,Glaux
Lucian of Samosata,Eunuchus,0062-047,A.D. 2,Dialogue,,Glaux
Lucian of Samosata,De astrologia,0062-048,A.D. 2,AstronomyAstrology,,Glaux
Lucian of Samosata,Pseudologista,0062-049,A.D. 2,Oratory,,Glaux
Lucian of Samosata,Deorum concilium,0062-050,A.D. 2,Dialogue,,Glaux
Lucian of Samosata,Tyrannicida,0062-051,A.D. 2,Oratory,,Glaux
Lucian of Samosata,Abdicatus,0062-052,A.D. 2,Oratory,,Glaux
Lucian of Samosata,Quomodo historia conscribenda sit,0062-053,A.D. 2,History,,Glaux
Lucian of Samosata,Dipsades,0062-054,A.D. 2,Oratory,,Glaux
Lucian of Samosata,Saturnalia,0062-055,A.D. 2,Dialogue,,Glaux
Lucian of Samosata,Herodotus,0062-056,A.D. 2,Oratory,,Glaux
Lucian of Samosata,Zeuxis,0062-057,A.D. 2,Oratory,,Glaux
Lucian of Samosata,Pro lapsu inter salutandum,0062-058,A.D. 2,Oratory,,Glaux
Lucian of Samosata,Apologia,0062-059,A.D. 2,Oratory,,Glaux
Lucian of Samosata,Harmonides,0062-060,A.D. 2,Oratory,,Glaux
Lucian of Samosata,Hesiod,0062-061,A.D. 2,Dialogue,,Glaux
Lucian of Samosata,Scytha,0062-062,A.D. 2,Oratory,,Glaux
Lucian of Samosata,Hermotimus,0062-063,A.D. 2,Dialogue,,Glaux
Lucian of Samosata,Prometheus es in verbis,0062-064,A.D. 2,Oratory,,Glaux
Lucian of Samosata,Navigium,0062-065,A.D. 2,Dialogue,,Glaux
Lucian of Samosata,Dialogi mortuorum,0062-066,A.D. 2,Dialogue,,Glaux
Lucian of Samosata,Dialogi Marini,0062-067,A.D. 2,Dialogue,,Glaux
Lucian of Samosata,Dialogi deorum,0062-068,A.D. 2,Dialogue,,Glaux
Lucian of Samosata,Dialogi meretricii,0062-069,A.D. 2,Dialogue,,Glaux
Lucian of Samosata,Soleocista,0062-070,A.D. 2,Dialogue,,Glaux
Lucian of Samosata,Podagra,0062-071,A.D. 2,Lyric poetry,,Glaux
Hanno,Periplus Hannonis,0064-001,4 B.C.,Geography,,Glaux
Agatharchides,De Rubro Mari,0067-001,2 B.C.,Geography,,Glaux
Arrian,Ἀλεξάνδρου Ἀνάβασις,0074-001,A.D. 1-2,History,,Glaux
Arrian,Indica,0074-002,A.D. 1-2,History,,Glaux
Arrian,Cynegeticus,0074-003,A.D. 1-2,History,,Glaux
Arrian,Periplus Ponti Euxini,0074-004,A.D. 1-2,Geography,,Glaux
Arrian,Tactica,0074-005,A.D. 1-2,Military,,Glaux
Arrian,Acies Contra Alanos,0074-006,A.D. 1-2,History,,Glaux
Dionysius of Halicarnassus,Antiquitates Romanae,0081-001,1 B.C.,History,,Glaux
Dionysius of Halicarnassus,De antiquis oratoribus,0081-002,1 B.C.,Rhetoric,,Glaux
Dionysius of Halicarnassus,De Lysia,0081-003,1 B.C.,Rhetoric,,Glaux
Dionysius of Halicarnassus,De Isocrate,0081-004,1 B.C.,Rhetoric,,Glaux
Dionysius of Halicarnassus,De Isaeo,0081-005,1 B.C.,Rhetoric,,Glaux
Dionysius of Halicarnassus,De Demosthene,0081-006,1 B.C.,Rhetoric,,Glaux
Dionysius of Halicarnassus,Ad Ammaeum,0081-008,1 B.C.,Rhetoric,,Glaux
Dionysius of Halicarnassus,De Dinarcho,0081-009,1 B.C.,Rhetoric,,Glaux
Dionysius of Halicarnassus,De Thucydide,0081-010,1 B.C.,Rhetoric,,Glaux
Dionysius of Halicarnassus,De Thucydidis idiomatibus,0081-011,1 B.C.,Rhetoric,,Glaux
Dionysius of Halicarnassus,De Compositione Verborum,0081-012,1 B.C.,Rhetoric,,Glaux
Dionysius of Halicarnassus,Epistula ad Pompeium Geminum,0081-015,1 B.C.,Rhetoric,,Glaux
Aeschylus,Supplices,0085-001,6-5 B.C.,Tragedy,,Glaux
Aeschylus,Persians,0085-002,6-5 B.C.,Tragedy,,Glaux
Aeschylus,Prometheus Bound,0085-003,6-5 B.C.,Tragedy,,Glaux
Aeschylus,Seven Against Thebes,0085-004,6-5 B.C.,Tragedy,,Glaux
Aeschylus,Agamemnon,0085-005,6-5 B.C.,Tragedy,,Glaux
Aeschylus,Libation Bearers,0085-006,6-5 B.C.,Tragedy,,Glaux
Aeschylus,Eumenides,0085-007,6-5 B.C.,Tragedy,,Glaux
Aeschylus,Epigrammata,0085-010,6-5 B.C.,Lyric poetry,,Glaux
Aristotle,Analytica priora,0086-001,4 B.C.,Philosophy,,Glaux
Aristotle,De anima,0086-002,4 B.C.,Philosophy,,Glaux
Aristotle,Constitution of the Athenians,0086-003,4 B.C.,Philosophy,,Glaux
Aristotle,Categoriae,0086-006,4 B.C.,Philosophy,,Glaux
Aristotle,De divinatione per somnum,0086-008,4 B.C.,Philosophy,,Glaux
Aristotle,Eudemian Ethics,0086-009,4 B.C.,Philosophy,,Glaux
Aristotle,Nicomachean Ethics,0086-010,4 B.C.,Philosophy,,Glaux
Aristotle,De generatione et corruptione,0086-013,4 B.C.,Physics,,Glaux
Aristotle,Historia animalium,0086-014,4 B.C.,Biology,,Glaux
Aristotle,De animalium incessu,0086-015,4 B.C.,Biology,,Glaux
Aristotle,De insomniis,0086-016,4 B.C.,Philosophy,,Glaux
Aristotle,De interpretatione,0086-017,4 B.C.,Philosophy,,Glaux
Aristotle,"De iuventute et senectute, De vita et morte",0086-018,4 B.C.,Medicine,,Glaux
Aristotle,De longitudine et brevitate vitae,0086-020,4 B.C.,Medicine,,Glaux
Aristotle,De animalium motione,0086-021,4 B.C.,Biology,,Glaux
Aristotle,De memoria et reminiscentia,0086-024,4 B.C.,Philosophy,,Glaux
Aristotle,Metaphysics,0086-025,4 B.C.,Philosophy,,Glaux
Aristotle,Meteorologica,0086-026,4 B.C.,Physics,,Glaux
Aristotle,Economics,0086-029,4 B.C.,Philosophy,,Glaux
Aristotle,Poetics,0086-034,4 B.C.,Rhetoric,,Glaux
Aristotle,Politics,0086-035,4 B.C.,Philosophy,,Glaux
Aristotle,De respiratione,0086-037,4 B.C.,Medicine,,Glaux
Aristotle,Rhetoric,0086-038,4 B.C.,Rhetoric,,Glaux
Aristotle,De sophisticis elenchis,0086-040,4 B.C.,Philosophy,,Glaux
Aristotle,De sensu et sensibilibus,0086-041,4 B.C.,Philosophy,,Glaux
Aristotle,De somno et vigilia,0086-042,4 B.C.,Philosophy,,Glaux
Aristotle,De spiritu,0086-043,4 B.C.,Physics,,Glaux
Aristotle,Topica,0086-044,4 B.C.,Philosophy,,Glaux
Aristotle,On Virtues and Vices,0086-045,4 B.C.,Philosophy,,Glaux
Aristotle,Physica (textus alter),0086-054,4 B.C.,Physics,,Glaux
Aelius Herodianus,Περὶ διχρόνων,0087-004,A.D. 2,Language,,Glaux
De signis tempestatum,Characters,0093-009,4-3 B.C.,Rhetoric,,Glaux
Pseudo-Plutarch,De musica,0094-002,A.D. 2-3,Music,,Glaux
Strabo,Geography,0099-001,1 B.C.-A.D. 1,Geography,,Glaux
Archimelus,Epigrammata,0131-001,3 B.C.,Lyric poetry,,Glaux
Asclepiades of Samos,Epigrammata,0137-001,3 B.C.,Lyric poetry,,Glaux
Athenaeus,Epigrammata,0141-002,A.D. 2-3,Lyric poetry,,Glaux
Boethus Tarsensis,Epigrammata,0146-001,1 B.C.-A.D. 1,Lyric poetry,,Glaux
Diodorus Sardianus,Epigrammata,0165-001,1 B.C.,Lyric poetry,,Glaux
Diotimus Adramyttenus,Epigrammata,0174-001,3 B.C.,Lyric poetry,,Glaux
Marcus Cornelius Fronto,Epigrammata,0186-005,A.D. 2,Lyric poetry,,Glaux
Hedylus Samius,Epigrammata,0198-001,3 B.C.,Lyric poetry,,Glaux
Bacchylides,Epinicians,0199-001,5 B.C.,Lyric poetry,,Glaux
Bacchylides,Dithyrambs,0199-002,5 B.C.,Lyric poetry,,Glaux
Bacchylides,Epigrammata,0199-009,5 B.C.,Lyric poetry,,Glaux
Dosiadas,BWMOS,0208-001,3-2 B.C.,Lyric poetry,,Glaux
Simmias of Rhodes,Epigrammata,0211-002,4-3 B.C.,Lyric poetry,,Glaux
Antagoras Rhodius,Epigrammata,0215-002,3 B.C.,Lyric poetry,,Glaux
Alexander Aetolus,Epigrammata,0216-002,4-3 B.C.,Lyric poetry,,Glaux
Nicaenetus Samius,Epigrammata,0218-002,3 B.C.,Lyric poetry,,Glaux
Rhianus of Crete,Epigrammata,0219-002,3 B.C.,Lyric poetry,,Glaux
Moero Byzantia,Epigrammata,0220-002,4-3 B.C.,Lyric poetry,,Glaux
Euphorion of Chalcis,Epigrammata,0221-004,3 B.C.,Lyric poetry,,Glaux
Archilochus,Epigrammata,0232-003,7 B.C.,Lyric poetry,,Glaux
Anacreon,Epigrammata,0237-004,6 B.C.,Lyric poetry,,Glaux
Antimachus of Colophon,Epigrammata,0239-003,5-4 B.C.,Lyric poetry,,Glaux
Demodocus Lerius,Epigrammata,0245-002,6 B.C.,Lyric poetry,,Glaux
Mimnermus of Colophon,Epigrammata,0255-002,7 B.C.,Lyric poetry,,Glaux
Simonides,Epigrammata,0261-003,6-5 B.C.,Lyric poetry,,Glaux
Timocreon Ialysius,Epigrammata,0265-003,5 B.C.,Lyric poetry,,Glaux
Xenophanes,Epigrammata,0267-003,6-5 B.C.,Lyric poetry,,Glaux
Mesomedes,Epigrammata,0268-002,A.D. 2,Lyric poetry,,Glaux
"Aristides, Aelius",Orationes 1,0284-001,A.D. 2,Oratory,,Glaux
"Aristides, Aelius",Orationes 2,0284-002,A.D. 2,Oratory,,Glaux
"Aristides, Aelius",Orationes 3,0284-003,A.D. 2,Oratory,,Glaux
"Aristides, Aelius",Orationes 4,0284-004,A.D. 2,Oratory,,Glaux
"Aristides, Aelius",Orationes 5,0284-005,A.D. 2,Oratory,,Glaux
"Aristides, Aelius",Orationes 6,0284-006,A.D. 2,Oratory,,Glaux
"Aristides, Aelius",Orationes 7,0284-007,A.D. 2,Oratory,,Glaux
"Aristides, Aelius",Orationes 8,0284-008,A.D. 2,Oratory,,Glaux
"Aristides, Aelius",Orationes 9,0284-009,A.D. 2,Oratory,,Glaux
"Aristides, Aelius",Orationes 10,0284-010,A.D. 2,Oratory,,Glaux
"Aristides, Aelius",Orationes 11,0284-011,A.D. 2,Oratory,,Glaux
"Aristides, Aelius",Orationes 12,0284-012,A.D. 2,Oratory,,Glaux
"Aristides, Aelius",Orationes 13,0284-013,A.D. 2,Oratory,,Glaux
"Aristides, Aelius",Orationes 14,0284-014,A.D. 2,Oratory,,Glaux
"Aristides, Aelius",Orationes 15,0284-015,A.D. 2,Oratory,,Glaux
"Aristides, Aelius",Orationes 16,0284-016,A.D. 2,Oratory,,Glaux
"Aristides, Aelius",Orationes 17,0284-017,A.D. 2,Oratory,,Glaux
"Aristides, Aelius",Orationes 18,0284-018,A.D. 2,Oratory,,Glaux
"Aristides, Aelius",Orationes 19,0284-019,A.D. 2,Oratory,,Glaux
"Aristides, Aelius",Orationes 20,0284-020,A.D. 2,Oratory,,Glaux
"Aristides, Aelius",Orationes 21,0284-021,A.D. 2,Oratory,,Glaux
"Aristides, Aelius",Orationes 22,0284-022,A.D. 2,Oratory,,Glaux
"Aristides, Aelius",Orationes 23,0284-023,A.D. 2,Biography,,Glaux
"Aristides, Aelius",Orationes 24,0284-024,A.D. 2,Biography,,Glaux
"Aristides, Aelius",Orationes 25,0284-025,A.D. 2,Biography,,Glaux
"Aristides, Aelius",Orationes 26,0284-026,A.D. 2,Biography,,Glaux
"Aristides, Aelius",Orationes 27,0284-027,A.D. 2,Biography,,Glaux
"Aristides, Aelius",Orationes 28,0284-028,A.D. 2,Biography,,Glaux
"Aristides, Aelius",Orationes 29,0284-029,A.D. 2,Rhetoric,,Glaux
"Aristides, Aelius",Orationes 30,0284-030,A.D. 2,Rhetoric,,Glaux
"Aristides, Aelius",Orationes 31,0284-031,A.D. 2,Rhetoric,,Glaux
"Aristides, Aelius",Orationes 32,0284-032,A.D. 2,Rhetoric,,Glaux
"Aristides, Aelius",Orationes 33,0284-033,A.D. 2,Rhetoric,,Glaux
"Aristides, Aelius",Orationes 34,0284-034,A.D. 2,Rhetoric,,Glaux
"Aristides, Aelius",Orationes 35,0284-035,A.D. 2,Rhetoric,,Glaux
"Aristides, Aelius",Orationes 36,0284-036,A.D. 2,Rhetoric,,Glaux
"Aristides, Aelius",Orationes 37,0284-037,A.D. 2,Rhetoric,,Glaux
"Aristides, Aelius",Orationes 38,0284-038,A.D. 2,Rhetoric,,Glaux
"Aristides, Aelius",Orationes 39,0284-039,A.D. 2,Rhetoric,,Glaux
"Aristides, Aelius",Orationes 40,0284-040,A.D. 2,Oratory,,Glaux
"Aristides, Aelius",Orationes 41,0284-041,A.D. 2,Epistolography,,Glaux
"Aristides, Aelius",Orationes 42,0284-042,A.D. 2,Oratory,,Glaux
"Aristides, Aelius",Orationes 43,0284-043,A.D. 2,Oratory,,Glaux
"Aristides, Aelius",Orationes 44,0284-044,A.D. 2,Oratory,,Glaux
"Aristides, Aelius",Orationes 45,0284-045,A.D. 2,Rhetoric,,Glaux
"Aristides, Aelius",Orationes 46,0284-046,A.D. 2,Rhetoric,,Glaux
"Aristides, Aelius",Orationes 47,0284-047,A.D. 2,Oratory,,Glaux
"Aristides, Aelius",Orationes 48,0284-048,A.D. 2,Oratory,,Glaux
"Aristides, Aelius",Orationes 49,0284-049,A.D. 2,Rhetoric,,Glaux
"Aristides, Aelius",Orationes 50,0284-050,A.D. 2,Oratory,,Glaux
"Aristides, Aelius",Orationes 51,0284-051,A.D. 2,Oratory,,Glaux
"Aristides, Aelius",Orationes 52,0284-052,A.D. 2,Rhetoric,,Glaux
"Aristides, Aelius",Orationes 53,0284-053,A.D. 2,Rhetoric,,Glaux
"Aristides, Aelius",Orationes 54,0284-054,A.D. 2,Rhetoric,,Glaux
"Aristides, Aelius",Orationes 55,0284-055,A.D. 2,Oratory,,Glaux
"Aristides, Aelius",Ars Rhetorica,0284-056,A.D. 2,Rhetoric,,Glaux
Pisander Camirensis,Fragmenta,0288-003,7-6 B.C.,Lyric poetry,,Glaux
Lycophron,Alexandra,0341-002,4-3 B.C.,Tragedy,,Glaux
Didymus Alexandrinus,Mensurae marmorum ac lignorum,0357-001,1 B.C.,Mathematics,,Glaux
Nicomachus of Gerasa,Introductio arithmetica,0358-001,A.D. 2,Mathematics,,Glaux
Nicomachus of Gerasa,Harmonicum enchiridion,0358-002,A.D. 2,Music,,Glaux
Nicomachus of Gerasa,Excerpta,0358-004,A.D. 2,Music,,Glaux
Nicomachus of Gerasa,Problemata arithmetica,0358-005,A.D. 2,Mathematics,,Glaux
Cleonides,Introductio Harmonica,0361-001,A.D. 2,Music,,Glaux
Cassius Dio Cocceianus,Historia Romana,0385-001,A.D. 2-3,History,,Glaux
Philemon,Epigrammata,0487-008,4-3 B.C.,Lyric poetry,,Glaux
Pausanias,Description of Greece,0525-001,A.D. 2,Geography,,Glaux
Flavius Josephus,Jewish Antiquities,0526-001,A.D. 1,History,,Glaux
Flavius Josephus,Life of Josephus,0526-002,A.D. 1,Biography,,Glaux
Flavius Josephus,Against Apion,0526-003,A.D. 1,Philosophy,,Glaux
Flavius Josephus,The Jewish War,0526-004,A.D. 1,History,,Glaux
Achilles Tatius,Leucippe and Clitophon,0532-001,A.D. 2,Narrative,,Glaux
Callimachus,Epigrams,0533-003,4-3 B.C.,Lyric poetry,,Glaux
Callimachus,Epigrams and Fragments,0533-004,4-3 B.C.,Lyric poetry,,Glaux
Callimachus,Hymn to Zeus,0533-015,4-3 B.C.,Lyric poetry,,Glaux
Callimachus,Hymn to Apollo,0533-016,4-3 B.C.,Lyric poetry,,Glaux
Callimachus,Hymn to Artemis,0533-017,4-3 B.C.,Lyric poetry,,Glaux
Callimachus,Hymn to Delos,0533-018,4-3 B.C.,Lyric poetry,,Glaux
Callimachus,Hymn to Athena,0533-019,4-3 B.C.,Lyric poetry,,Glaux
Callimachus,Hymn to Demeter,0533-020,4-3 B.C.,Lyric poetry,,Glaux
Demades,On the Twelve Years,0535-001,4 B.C.,Oratory,,Glaux
Lysias,On the Murder of Eratosthenes,0540-001,5-4 B.C.,Oratory,,Glaux
Lysias,Funeral Oration,0540-002,5-4 B.C.,Oratory,,Glaux
Lysias,Against Simon,0540-003,5-4 B.C.,Oratory,,Glaux
Lysias,On A Wound By Premeditation,0540-004,5-4 B.C.,Oratory,,Glaux
Lysias,For Callias,0540-005,5-4 B.C.,Oratory,,Glaux
Lysias,Against Andocides,0540-006,5-4 B.C.,Oratory,,Glaux
Lysias,On the Olive Stump,0540-007,5-4 B.C.,Oratory,,Glaux
Lysias,Accusation of Calumny,0540-008,5-4 B.C.,Oratory,,Glaux
Lysias,For The Soldier,0540-009,5-4 B.C.,Oratory,,Glaux
Lysias,Against Theomnestus 1,0540-010,5-4 B.C.,Oratory,,Glaux
Lysias,Against Theomnestus 2,0540-011,5-4 B.C.,Oratory,,Glaux
Lysias,Against Eratosthenes,0540-012,5-4 B.C.,Oratory,,Glaux
Lysias,Against Agoratus: In Pursuance of a Writ,0540-013,5-4 B.C.,Oratory,,Glaux
Lysias,Against Alcibiades: For Deserting the Ranks,0540-014,5-4 B.C.,Oratory,,Glaux
Lysias,Against Alcibiades: For Refusal of Military Service,0540-015,5-4 B.C.,Oratory,,Glaux
Lysias,In Defense of Mantitheus,0540-016,5-4 B.C.,Oratory,,Glaux
Lysias,On The Property Of Eraton,0540-017,5-4 B.C.,Oratory,,Glaux
Lysias,On the Confiscation of the Property Of The Brother Of Nicias,0540-018,5-4 B.C.,Oratory,,Glaux
Lysias,On the Property of Aristophanes: Against the Treasury,0540-019,5-4 B.C.,Oratory,,Glaux
Lysias,For Polystratus,0540-020,5-4 B.C.,Oratory,,Glaux
Lysias,Defense Against A Charge Of Taking Bribes,0540-021,5-4 B.C.,Oratory,,Glaux
Lysias,Against The Corn-Dealers,0540-022,5-4 B.C.,Oratory,,Glaux
Lysias,Against Pancleon,0540-023,5-4 B.C.,Oratory,,Glaux
Lysias,On The Refusal Of A Pension to the Invalid,0540-024,5-4 B.C.,Oratory,,Glaux
Lysias,Defense Against a Charge of Subverting the Democracy,0540-025,5-4 B.C.,Oratory,,Glaux
Lysias,On the Scrutiny of Evandros,0540-026,5-4 B.C.,Oratory,,Glaux
Lysias,Against Epicrates and his Fellow-envoys: Supplementary,0540-027,5-4 B.C.,Oratory,,Glaux
Lysias,Against Ergocles: Supplementary,0540-028,5-4 B.C.,Oratory,,Glaux
Lysias,Against Philocrates,0540-029,5-4 B.C.,Oratory,,Glaux
Lysias,Against Nicomachus,0540-030,5-4 B.C.,Oratory,,Glaux
Lysias,Against Philon,0540-031,5-4 B.C.,Oratory,,Glaux
Lysias,Against Diogeiton,0540-032,5-4 B.C.,Oratory,,Glaux
Lysias,Olympic Oration,0540-033,5-4 B.C.,Oratory,,Glaux
Lysias,Against The Subversion of the Ancestral Constitution of Athens,0540-034,5-4 B.C.,Oratory,,Glaux
Menander of Athens,Epigrammata,0541-044,4-3 B.C.,Lyric poetry,,Glaux
Polybius,Histories,0543-001,3-2 B.C.,History,,Glaux
Aelian,De Natura Animalium,0545-001,A.D. 2-3,Biology,,Glaux
Aelian,Varia Historia,0545-002,A.D. 2-3,Paradoxography,,Glaux
Aelian,Epistulae Rusticae,0545-003,A.D. 2-3,Epistolography,,Glaux
Apollodorus,Library,0548-001,A.D. 1-2,Mythography,,Glaux
Apollodorus,Epitome,0548-002,A.D. 1-2,Mythography,,Glaux
Appianus of Alexandria,Kings,0551-002,A.D. 1-2,History,,Glaux
Appianus of Alexandria,Italy,0551-003,A.D. 1-2,History,,Glaux
Appianus of Alexandria,Samnite History,0551-004,A.D. 1-2,History,,Glaux
Appianus of Alexandria,Gallic History,0551-005,A.D. 1-2,History,,Glaux
Appianus of Alexandria,Sicily and the Other Islands,0551-006,A.D. 1-2,History,,Glaux
Appianus of Alexandria,Wars in Spain,0551-007,A.D. 1-2,History,,Glaux
Appianus of Alexandria,Hannibalic War,0551-008,A.D. 1-2,History,,Glaux
Appianus of Alexandria,Punic Wars,0551-009,A.D. 1-2,History,,Glaux
Appianus of Alexandria,Numidian Affairs,0551-010,A.D. 1-2,History,,Glaux
Appianus of Alexandria,Macedonian Affairs,0551-011,A.D. 1-2,History,,Glaux
Appianus of Alexandria,Illyrian Wars,0551-012,A.D. 1-2,History,,Glaux
Appianus of Alexandria,Syrian Wars,0551-013,A.D. 1-2,History,,Glaux
Appianus of Alexandria,Mithridatic Wars,0551-014,A.D. 1-2,History,,Glaux
Appianus of Alexandria,Civil Wars,0551-017,A.D. 1-2,History,,Glaux
Archimedes,De sphaera et cylindro,0552-001,3 B.C.,Mathematics,,Glaux
Archimedes,Dimensio circuli,0552-002,3 B.C.,Mathematics,,Glaux
Archimedes,De conoidibus et sphaeroidibus,0552-003,3 B.C.,Mathematics,,Glaux
Archimedes,De lineis spiralibus,0552-004,3 B.C.,Mathematics,,Glaux
Archimedes,De planorum aequilibriis (peri isorropin),0552-005,3 B.C.,Mathematics,,Glaux
Archimedes,Arenarius,0552-006,3 B.C.,Mathematics,,Glaux
Archimedes,Quadratura parabolae,0552-007,3 B.C.,Mathematics,,Glaux
Archimedes,Stomachion,0552-009,3 B.C.,Mathematics,,Glaux
Archimedes,Ad Eratosthenem methodus,0552-010,3 B.C.,Mathematics,,Glaux
Archimedes,Liber assumptorum,0552-011,3 B.C.,Mathematics,,Glaux
Archimedes,Bovium problema (Problema Bovinum),0552-012,3 B.C.,Scientific Poetry,,Glaux
Archimedes,Fragmenta,0552-013,3 B.C.,Mathematics,,Glaux
Chariton of Aphrodisias,De Chaerea et Callirhoe,0554-001,A.D. 2,Narrative,,Glaux
Clement of Alexandria,Protrepticus,0555-001,A.D. 2-3,Philosophy,,Glaux
Clement of Alexandria,Paedagogus,0555-002,A.D. 2-3,Philosophy,,Glaux
Clement of Alexandria,Hymnus Christi servatoris,0555-003,A.D. 2-3,Religious Poetry,,Glaux
Clement of Alexandria,Eclogae propheticae,0555-005,A.D. 2-3,Philosophy,,Glaux
Clement of Alexandria,Quis Dis Salvetur,0555-006,A.D. 2-3,Theology,,Glaux
Clement of Alexandria,Excerpta ex Theodoto,0555-007,A.D. 2-3,Theology,,Glaux
Clement of Alexandria,Exhortation to Endurance or To the Newly Baptized (Fragment 44),0555-008,A.D. 2-3,Theology,,Glaux
Asclepiodotus,Tactica,0556-001,1 B.C.,Military,,Glaux
Epictetus,Discourses,0557-001,A.D. 1-2,Philosophy,,Glaux
Epictetus,The Handbook,0557-002,A.D. 1-2,Philosophy,,Glaux
Epictetus,Fragments,0557-003,A.D. 1-2,Philosophy,,Glaux
Hero of Alexandria,Pneumatica,0559-001,A.D. 1,Engineering,,Glaux
Hero of Alexandria,De automatis,0559-002,A.D. 1,Engineering,,Glaux
Hero of Alexandria,Mechanicorum fragmenta,0559-004,A.D. 1,Engineering,,Glaux
Hero of Alexandria,Catoptrica,0559-005,A.D. 1,Engineering,,Glaux
Hero of Alexandria,Metrica,0559-006,A.D. 1,Mathematics,,Glaux
Hero of Alexandria,Dioptra,0559-007,A.D. 1,Engineering,,Glaux
Hero of Alexandria,Stereometrica,0559-010,A.D. 1,Mathematics,,Glaux
Hero of Alexandria,De mensuris,0559-011,A.D. 1,Mathematics,,Glaux
Hero of Alexandria,Belopoeica,0559-012,A.D. 1,Engineering,,Glaux
Hero of Alexandria,Fragmenta Heroniana,0559-014,A.D. 1,Mathematics,,Glaux
Longinus,On the Sublime,0560-001,A.D. 1,Rhetoric,,Glaux
Longus,Daphnis and Chloe,0561-001,A.D. 2,Narrative,,Glaux
Marcus Aurelius,Ad Se Ipsum,0562-001,A.D. 2,Philosophy,,Glaux
Antigonus of Carystus,Epigramma,0568-002,3 B.C.,Lyric poetry,,Glaux
Archelaus Chersonensis,Epigrammata,0570-002,3 B.C.,Lyric poetry,,Glaux
Antisthenes,Fragmenta,0591-001,5-4 B.C.,Oratory,,Glaux
Antisthenes,Odysseus,0591-002,5-4 B.C.,Oratory,,Glaux
Hermogenes,Progymnasmata [Dub-],0592-001,A.D. 2-3,Rhetoric,,Glaux
Hermogenes,Περὶ στάσεων,0592-002,A.D. 2-3,Rhetoric,,Glaux
Hermogenes,Περὶ εὑρέσεως [Sp-],0592-003,A.D. 2-3,Rhetoric,,Glaux
Hermogenes,Περὶ ἰδεῶν λόγου,0592-004,A.D. 2-3,Rhetoric,,Glaux
Hermogenes,Περὶ μεθόδου δεινότητος [Sp-],0592-005,A.D. 2-3,Rhetoric,,Glaux
Gorgias,Encomium of Helen,0593-001,5-4 B.C.,Oratory,,Glaux
Gorgias,Defense of Palamedes,0593-002,5-4 B.C.,Oratory,,Glaux
Rufus Soph-,Ars rhetorica,0606-001,A.D. 2,Rhetoric,,Glaux
Demetrius of Phaleron,Libro de Elocutione,0613-001,A.D. 2,Rhetoric,,Glaux
Babrius,Fabulae Aesopeae,0614-001,A.D. 2,Lyric poetry,,Glaux
Hippocrates,De prisca medicina,0627-001,5-4 B.C.,Medicine,,Glaux
Hippocrates,"De aere, aquis, locis",0627-002,5-4 B.C.,Medicine,,Glaux
Hippocrates,Prognosticon,0627-003,5-4 B.C.,Medicine,,Glaux
Hippocrates,De diaeta in morbis acutis,0627-004,5-4 B.C.,Medicine,,Glaux
Hippocrates,De diaeta acutorum (spurium),0627-005,5-4 B.C.,Medicine,,Glaux
Hippocrates,De morbis popularibus,0627-006,5-4 B.C.,Medicine,,Glaux
Hippocrates,De capitis vulneribus,0627-007,5-4 B.C.,Medicine,,Glaux
Hippocrates,De officina medici,0627-008,5-4 B.C.,Medicine,,Glaux
Hippocrates,De fracturis,0627-009,5-4 B.C.,Medicine,,Glaux
Hippocrates,De articulis,0627-010,5-4 B.C.,Medicine,,Glaux
Hippocrates,Vectiarius,0627-011,5-4 B.C.,Medicine,,Glaux
Hippocrates,Aphorismi,0627-012,5-4 B.C.,Medicine,,Glaux
Hippocrates,Jusjurandum,0627-013,5-4 B.C.,Medicine,,Glaux
Hippocrates,Lex,0627-014,5-4 B.C.,Medicine,,Glaux
Hippocrates,De humoribus,0627-015,5-4 B.C.,Medicine,,Glaux
Hippocrates,Prorrheticon I,0627-016,5-4 B.C.,Medicine,,Glaux
Hippocrates,Coa praesagia,0627-017,5-4 B.C.,Medicine,,Glaux
Hippocrates,De arte,0627-018,5-4 B.C.,Medicine,,Glaux
Hippocrates,De natura hominis,0627-019,5-4 B.C.,Medicine,,Glaux
Hippocrates,De salubri diaeta,0627-020,5-4 B.C.,Medicine,,Glaux
Hippocrates,De flatibus,0627-021,5-4 B.C.,Medicine,,Glaux
Hippocrates,De liquidorum usu,0627-022,5-4 B.C.,Medicine,,Glaux
Hippocrates,De morbis i-iii,0627-023,5-4 B.C.,Medicine,,Glaux
Hippocrates,De affectionibus,0627-025,5-4 B.C.,Medicine,,Glaux
Hippocrates,De locis in homine,0627-026,5-4 B.C.,Medicine,,Glaux
Hippocrates,De morbo sacro,0627-027,5-4 B.C.,Medicine,,Glaux
Hippocrates,De ulceribus,0627-028,5-4 B.C.,Medicine,,Glaux
Hippocrates,De haemorrhoidibus,0627-029,5-4 B.C.,Medicine,,Glaux
Hippocrates,De fistulis,0627-030,5-4 B.C.,Medicine,,Glaux
Hippocrates,De diaeta,0627-031,5-4 B.C.,Medicine,,Glaux
Hippocrates,De affectionibus interioribus,0627-032,5-4 B.C.,Medicine,,Glaux
Hippocrates,De natura muliebri,0627-033,5-4 B.C.,Medicine,,Glaux
Hippocrates,De octimestri partu,0627-035,5-4 B.C.,Medicine,,Glaux
Hippocrates,De muliebribus,0627-036,5-4 B.C.,Medicine,,Glaux
Hippocrates,De virginum morbis,0627-037,5-4 B.C.,Medicine,,Glaux
Hippocrates,De superfoetatione,0627-038,5-4 B.C.,Medicine,,Glaux
Hippocrates,De exsectione foetus,0627-039,5-4 B.C.,Medicine,,Glaux
Hippocrates,De anatomia,0627-040,5-4 B.C.,Medicine,,Glaux
Hippocrates,De dentitione,0627-041,5-4 B.C.,Medicine,,Glaux
Hippocrates,De glandulis,0627-042,5-4 B.C.,Medicine,,Glaux
Hippocrates,De carnibus,0627-043,5-4 B.C.,Medicine,,Glaux
Hippocrates,De corde,0627-045,5-4 B.C.,Medicine,,Glaux
Hippocrates,De alimento,0627-046,5-4 B.C.,Medicine,,Glaux
Hippocrates,De visu,0627-047,5-4 B.C.,Medicine,,Glaux
Hippocrates,De natura ossium,0627-048,5-4 B.C.,Medicine,,Glaux
Hippocrates,De medico,0627-049,5-4 B.C.,Medicine,,Glaux
Hippocrates,De habitu decenti,0627-050,5-4 B.C.,Medicine,,Glaux
Hippocrates,Praeceptiones,0627-051,5-4 B.C.,Medicine,,Glaux
Hippocrates,De crisibus,0627-052,5-4 B.C.,Medicine,,Glaux
Hippocrates,De diebus criticis,0627-053,5-4 B.C.,Medicine,,Glaux
Hippocrates,"Epistulae, Decretum, Orationes",0627-055,5-4 B.C.,Epistolography,,Glaux
Pittacus of Mytilene,Epigramma,0631-002,7-6 B.C.,Lyric poetry,,Glaux
Pythagoras,Epigramma,0632-005,6-5 B.C.,Lyric poetry,,Glaux
Philostratus the Athenian,Life of Apollonius of Tyana,0638-001,A.D. 2-3,Biography,,Glaux
Philostratus the Athenian,Lives of the Sophists,0638-003,A.D. 2-3,Biography,,Glaux
Philostratus the Athenian,Heroicus,0638-004,A.D. 2-3,Dialogue,,Glaux
Philostratus the Athenian,Nero,0638-005,A.D. 2-3,Dialogue,,Glaux
Philostratus the Athenian,Epistulae et dialexeis,0638-006,A.D. 2-3,Epistolography,,Glaux
Philostratus the Athenian,De Gymnastica,0638-007,A.D. 2-3,History,,Glaux
Philostratus the Athenian,Epigrammata,0638-009,A.D. 2-3,Lyric poetry,,Glaux
Xenophon of Ephesus,Ephesiaca,0641-001,A.D. 2-3,Narrative,,Glaux
Onasander,Strategicus,0648-001,A.D. 1,Military,,Glaux
Aratus Solensis,Phaenomena,0653-001,4-3 B.C.,Scientific Poetry,,Glaux
Aratus Solensis,Fragmentum,0653-002,4-3 B.C.,Scientific Poetry,,Glaux
Parthenius of Nicaea,Narrationes Amatoriae,0655-001,1 B.C.,Mythography,,Glaux
Philumenus,De venenatis animalibus eorumque remediis,0671-001,A.D. 2,Medicine,,Glaux
Aeschrion Samius,Epigrammata,0679-001,4 B.C.,Lyric poetry,,Glaux
Ammonius Grammaticus,περὶ ὁμοίων καὶ διαφόρων λέξεων,0708-001,A.D. 1-2,Language,,Glaux
Aretaeus of Cappadocia,De causis et signis acutorum morborum libri duo (lib. 1),0719-001,A.D. 2,Medicine,,Glaux
Aretaeus of Cappadocia,De causis et signis diuturnorum morborum libri duo (lib. 2),0719-002,A.D. 2,Medicine,,Glaux
Aretaeus of Cappadocia,De curatione acutorum morborum libri duo,0719-003,A.D. 2,Medicine,,Glaux
Aretaeus of Cappadocia,De curatione diuturnorum morborum libri duo,0719-004,A.D. 2,Medicine,,Glaux
Alexander of Aphrodisias,De mixtione,0732-001,A.D. 2-3,Medicine,,Glaux
Alexander of Aphrodisias,De anima libri mantissa,0732-011,A.D. 2-3,Philosophy,,Glaux
Alexander of Aphrodisias,Quaestiones,0732-012,A.D. 2-3,Philosophy,,Glaux
Pseudo-Hippocrates,De septimestri partu,0751-034,5-4 B.C.,Medicine,,Glaux
"Anubion, Poeta Astrologus",Fragmenta,1126-003,A.D. 1,AstronomyAstrology,,Glaux
Aristarchus of Samos,De magnitudinibus et distantiis solis et lunae,1181-001,4-3 B.C.,AstronomyAstrology,,Glaux
Athenagoras,Legatio sive Supplicatio pro Christianis,1205-001,A.D. 2,Oratory,,Glaux
Athenagoras,De Resurrectione,1205-002,A.D. 2,Theology,,Glaux
Autolycus,De Sphaera Quae Movetur,1210-001,4 B.C.,AstronomyAstrology,,Glaux
Autolycus,De Ortibus et Occasibus,1210-002,4 B.C.,AstronomyAstrology,,Glaux
Barnabae epistula,The Epistle of Barnabas,1216-001,A.D. 1-2,Epistolography,,Glaux
Certamen Homeri et Hesiodi,Certamen Homeri et Hesiodi,1252-002,A.D. 2,Narrative,,Glaux
Clemens Romanus (Clement of Rome),The First Epistle of Clement to the Corinthians,1271-001,A.D. 1,Epistolography,,Glaux
Clemens Romanus (Clement of Rome),The Second Epistle of Clement to the Corinthians,1271-002,A.D. 2,Epistolography,,Glaux
Cleobulus Lindius,Epigrammata,1274-002,7-6 B.C.,Lyric poetry,,Glaux
Cypria,Cypria,1296-001,7 B.C.,Epic poetry,,Glaux
Anonymous,Didache,1311-001,A.D. 2,Theology,,Glaux
Dorotheus of Sidon,Fragmenta alia antiqua,1337-003,1 B.C.-A.D. 1,AstronomyAstrology,,Glaux
Empedocles,Epigrammata,1342-002,5 B.C.,Lyric poetry,,Glaux
Erinna,Epigrammata,1355-002,4 B.C.,Lyric poetry,,Glaux
Harpocration,Lexicon in decem oratores Atticos,1389-001,A.D. 1-2,Language,,Glaux
Hegemon,Epigrammata,1391-001,3 B.C.,Lyric poetry,,Glaux
Heraclides Criticus,Descriptio Graeciae,1405-001,3 B.C.,Geography,,Glaux
Hipparchus,In Arati et Eudoxi phaenomena commentariorum libri iii,1431-003,2 B.C.,Philosophy,,Glaux
"Maximus, Astrologus",Carminum de actionum auspiciis reliquiae,1487-001,A.D. 2,Scientific Poetry,,Glaux
"Maximus, Astrologus",Carminum de actionum auspiciis reliquiae (epitome),1487-002,A.D. 2,AstronomyAstrology,,Glaux
Nicias Milesius,Epigrammata,1533-001,3 B.C.,Lyric poetry,,Glaux
Pancrates Arcadius,Epigrammata,1556-002,3-2 B.C.,Lyric poetry,,Glaux
Phaedimus Macedo,Epigrammata,1577-001,3 B.C.,Lyric poetry,,Glaux
Philostratus Sophista,Imagines,1600-001,A.D. 2-3,Oratory,,Glaux
Phocylides,Epigrammata,1604-002,6 B.C.,Lyric poetry,,Glaux
Polycarp,Epistula ad Philippenses,1622-001,A.D. 1-2,Epistolography,,Glaux
Posidippus of Pella,Epigrammata,1632-001,3 B.C.,Lyric poetry,,Glaux
Seniores Apud Irenaeum,Reliquiae plurium anonymorum,1665-001,A.D. 2-3,Theology,,Glaux
Speusippus,Epigramma,1692-004,4 B.C.,Lyric poetry,,Glaux
Theodoridas Syracusanus,Epigrammata,1715-001,3 B.C.,Lyric poetry,,Glaux
Vitae Aesopi,Vita Aesopi Pl vel Accursiana (sub auctore Maximo Planude) (recensio 1),1765-003,A.D. 1,Narrative,,Glaux
Vitae Aesopi,Vita Aesopi (fort- auctore Aphthonio),1765-004,A.D. 1,Narrative,,Glaux
Vitae Aesopi,Βιβλίον μυθικὸν τοῦ Αἰσώπου,1765-005,A.D. 1,Narrative,,Glaux
Tatianus,Oratio ad Graecos,1766-001,A.D. 2,Oratory,,Glaux
Euclid,Elementa,1799-001,3 B.C.,Mathematics,,Glaux
Euclid,Data (demonstrationes alterae),1799-008,3 B.C.,Mathematics,,Glaux
Euclid,Opticorum recensio Theonis,1799-010,,,,Glaux
Euclid,Catoptrica (recensio Theonis?),1799-011,3 B.C.,Mathematics,,Glaux
Euclid,Phaenomena,1799-012,3 B.C.,AstronomyAstrology,,Glaux
Euclid,Phaenomena (recensio b),1799-013,3 B.C.,AstronomyAstrology,,Glaux
Euclid,Phaenomena (demonstrationes alterae recensionis b),1799-014,3 B.C.,AstronomyAstrology,,Glaux
Euclid,Sectio canonis [Sp-],1799-015,3 B.C.,Music,,Glaux
Euclid,Epigramma,1799-017,3 B.C.,Lyric poetry,,Glaux
Origen,Contra Celsum,2042-001,A.D. 2-3,Theology,,Glaux
Origen,Exhortatio ad martyrium,2042-007,A.D. 2-3,Theology,,Glaux
Origen,De oratione,2042-008,A.D. 2-3,Theology,,Glaux
Origen,Fragmentum In Lamentationes (In Catenis de Octateucho),2042-012,A.D. 2-3,Commentary,,Glaux
Canticum Euripidis,Ex Orestis Stasimo I (P. Vindob. 2315),2138-001,5 B.C.,Lyric poetry,,Glaux
Epitaphium Sicili,Sicili Epitaphium,2139-001,A.D. 1,Lyric poetry,,Glaux
